Emp_id,Emp_name,Emp_address,Airport_id
1,Tejas Ahuja,Thane,1
2,Vihaan Ahuja,Surat,1
3,Akshay Chawla,Mumbai,1
4,Manish Shah,Delhi,1
5,Yash Apte,Hyderabad,1
6,Aarav Ahuja,Bangalore,1
7,Akshay Khatri,Pune,1
8,Mahesh Iyer,Bangalore,1
9,Reyansh Joshi,Pune,1
10,Dhruv Agarwal,Pune,1
11,Shaurya Gandhi,Bangalore,1
12,Reyansh Iyer,Nashik,1
13,Atharva Bakshi,Pune,1
14,Mukesh Acharya,Nashik,1
15,Manish Apte,Hyderabad,1
16,Rahul Gupta,Mumbai,1
17,Neil Gandhi,Mumbai,1
18,Rahul Apte,Surat,1
19,Aditya Ahuja,Pune,1
20,Sai Ahuja,Thane,1
21,Himanshu Bakshi,Thane,1
22,Rohit Gandhi,Hyderabad,1
23,Hardik Chowdhury,Nashik,1
24,Hardik  Ghosh,Thane,1
25,Abhay Apte,Mumbai,1
26,Bharat Shah,Mumbai,1
27,Samarth Chawla,Mumbai,1
28,Mukesh Chawla,Hyderabad,1
29,Vihaan Patel,Mumbai,1
30,Ayaan Gupta,Bangalore,1
31,Manish  Ghosh,Delhi,1
32,Neha Joshi,Surat,1
33,Hardik Chowdhury,Delhi,1
34,Rohit Iyer,Nagpur,1
35,Aadesh Khatri,Bangalore,1
36,Rohit Ahuja,Pune,1
37,Mukesh Shah,Hyderabad,1
38,Ayaan Gupta,Thane,1
39,Himanshu Ahuja,Bangalore,1
40,Vivaan Apte,Thane,1
41,Aarav Gandhi,Hyderabad,1
42,Bharat Chowdhury,Nagpur,1
43,Dhruv Khatri,Bangalore,1
44,Hardik Dixit,Mumbai,1
45,Amol Gandhi,Hyderabad,1
46,Aadesh Shah,Pune,1
47,Rohit Shah,Thane,1
48,Sai Shah,Nagpur,1
49,Aditya Patel,Surat,1
50,Aditya Iyer,Hyderabad,1
51,Manish  Banerjee,Surat,1
52,Ishaan Iyer,Thane,1
53,Manish Bakshi,Hyderabad,1
54,Manish Deshpande,Pune,1
55,Mahesh Gupta,Hyderabad,1
56,Aadesh Chawla,Delhi,1
57,Pranav Chowdhury,Delhi,1
58,Ishaan Patel,Delhi,1
59,Mukesh Shah,Bangalore,1
60,Ishaan Bakshi,Surat,1
61,Aarav Gupta,Mumbai,1
62,Neil Talreja,Pune,1
63,Vihaan Gandhi,Pune,1
64,Atharva Chawla,Nagpur,1
65,Akshay Gandhi,Mumbai,1
66,Vihaan Acharya,Hyderabad,1
67,Akshay Agarwal,Mumbai,1
68,Shaurya Dixit,Surat,1
69,Bharat Bakshi,Hyderabad,1
70,Vivaan Gandhi,Delhi,1
71,Parth Gupta,Nashik,1
72,Rishabh  Banerjee,Nashik,1
73,Shaurya Khatri,Pune,1
74,Tejas Gupta,Pune,1
75,Arjun Iyer,Bangalore,1
76,Rohit  Banerjee,Nashik,1
77,Gautam Joshi,Nagpur,1
78,Sneha Shah,Pune,1
79,Mukesh Bakshi,Hyderabad,1
80,Ishaan Bakshi,Nashik,1
81,Rahul  Banerjee,Hyderabad,1
82,Amol Agarwal,Nagpur,1
83,Ayaan Joshi,Nashik,1
84,Parth Deshpande,Hyderabad,1
85,Samarth Deshpande,Delhi,1
86,Aarav Joshi,Mumbai,1
87,Yash Apte,Mumbai,1
88,Akshay Gandhi,Mumbai,1
89,Mahesh Joshi,Pune,1
90,Mukesh Chawla,Delhi,1
91,Neha Bakshi,Hyderabad,1
92,Reyansh  Banerjee,Thane,1
93,Atharva  Ghosh,Thane,1
94,Gautam Deshpande,Delhi,1
95,Akshay Gupta,Hyderabad,1
96,Rishabh Gupta,Thane,1
97,Himanshu Gupta,Delhi,1
98,Parth Joshi,Thane,1
99,Neil Shah,Pune,1
100,Mahesh Iyer,Thane,1
101,Sai  Ghosh,Surat,1
102,Aarav Chowdhury,Surat,1
103,Sneha Gandhi,Nagpur,1
104,Rahul Deshpande,Nagpur,1
105,Mukesh Dixit,Thane,1
106,Dhruv Talreja,Bangalore,1
107,Neha Chowdhury,Surat,1
108,Neha Iyer,Surat,1
109,Akshay Iyer,Nagpur,1
110,Abhay  Ghosh,Bangalore,1
111,Rohit Khatri,Nashik,1
112,Parth Shah,Nashik,1
113,Gautam Apte,Delhi,1
114,Rishabh Deshpande,Thane,1
115,Vivaan Gandhi,Thane,1
116,Rishabh Chawla,Surat,1
117,Dhruv Apte,Nashik,1
118,Tejas Ahuja,Pune,1
119,Samarth Gandhi,Surat,1
120,Shaurya Khatri,Nagpur,1
121,Aadesh Deshpande,Thane,1
122,Shaurya Gupta,Delhi,1
123,Reyansh Gupta,Mumbai,1
124,Arjun Patel,Nagpur,1
125,Hardik Apte,Nagpur,1
126,Shaurya  Ghosh,Nagpur,1
127,Rohit  Ghosh,Pune,1
128,Amol Iyer,Bangalore,1
129,Atharva  Ghosh,Surat,1
130,Vivaan Patel,Pune,1
131,Yash Ahuja,Thane,1
132,Atharva Chawla,Surat,1
133,Neha Shah,Nashik,1
134,Sneha  Banerjee,Mumbai,1
135,Parth Shah,Thane,1
136,Pranav  Banerjee,Pune,1
137,Hardik Patel,Hyderabad,1
138,Mahesh Khatri,Mumbai,1
139,Manish Bakshi,Surat,1
140,Sneha Chawla,Nashik,1
141,Sneha Dixit,Nagpur,1
142,Bharat Agarwal,Pune,1
143,Manish Chowdhury,Thane,1
144,Aditya Patel,Bangalore,1
145,Gautam Bakshi,Pune,1
146,Mukesh Acharya,Surat,1
147,Vihaan Patel,Mumbai,1
148,Manish  Banerjee,Delhi,1
149,Pranav Chawla,Pune,1
150,Shaurya Bakshi,Nashik,1
151,Manish Ahuja,Thane,1
152,Sai Iyer,Nagpur,1
153,Neha Apte,Surat,1
154,Samarth Gupta,Hyderabad,1
155,Arjun Joshi,Surat,1
156,Rahul Deshpande,Mumbai,1
157,Samarth Chawla,Pune,1
158,Sneha Deshpande,Bangalore,1
159,Neil Shah,Bangalore,1
160,Vivaan Agarwal,Nagpur,1
161,Atharva Dixit,Delhi,1
162,Himanshu Deshpande,Nagpur,1
163,Sai Chowdhury,Bangalore,1
164,Shaurya Acharya,Delhi,1
165,Aarav Bakshi,Pune,1
166,Aadesh Chowdhury,Thane,1
167,Rishabh Bakshi,Delhi,1
168,Arjun Shah,Thane,1
169,Himanshu Patel,Mumbai,1
170,Parth  Banerjee,Hyderabad,1
171,Aadesh Gandhi,Thane,1
172,Vivaan Acharya,Mumbai,1
173,Samarth Gupta,Hyderabad,1
174,Pranav Apte,Thane,1
175,Parth Agarwal,Thane,1
176,Rahul Dixit,Thane,1
177,Aditya  Banerjee,Nashik,1
178,Arjun Deshpande,Thane,1
179,Abhay Agarwal,Thane,1
180,Yash Agarwal,Pune,1
181,Rahul Gandhi,Surat,1
182,Arjun Acharya,Mumbai,1
183,Rishabh Chowdhury,Bangalore,1
184,Gautam Gupta,Nashik,1
185,Rohit Chowdhury,Nagpur,1
186,Sai Bakshi,Mumbai,1
187,Rishabh Shah,Nashik,1
188,Sneha Chowdhury,Hyderabad,1
189,Reyansh Khatri,Delhi,1
190,Rishabh Chowdhury,Surat,1
191,Dhruv Dixit,Surat,1
192,Yash  Banerjee,Pune,1
193,Amol Apte,Delhi,1
194,Bharat Patel,Thane,1
195,Pranav Chowdhury,Thane,1
196,Neha Apte,Bangalore,1
197,Akshay Joshi,Nagpur,1
198,Himanshu Gupta,Surat,1
199,Sneha Gupta,Hyderabad,1
200,Aarav Joshi,Thane,1
